id,nombres,apellidos,direccion,correo_electronico,dni,edad,fecha_creacion,telefono
1,Mick,Hans,048 Acker Drive,mhans0@g.co,1714393,29,24-03-01,614-563-6511
2,Delbert,Gagie,5 Fisk Junction,dgagie1@elpais.com,7456806,28,23-05-21,780-127-0517
3,Fawnia,Somerlie,76981 Cascade Drive,fsomerlie2@utexas.edu,7500548,85,23-12-21,579-229-5369
4,Heinrik,Lorincz,592 Manitowish Street,hlorincz3@4shared.com,1452805,24,23-07-07,775-491-0955
5,Maximilian,Bonsale,922 Sunbrook Street,mbonsale4@businesswire.com,3881783,47,24-01-20,770-953-1690
6,Emelen,Tedahl,1203 Fairview Trail,etedahl5@surveymonkey.com,6299926,23,23-07-12,614-905-8494
7,Maurita,Dicty,78 Nelson Trail,mdicty6@reuters.com,6175471,37,23-03-30,750-937-9167
8,Carly,Keirl,9 Dixon Circle,ckeirl7@bing.com,7336362,34,23-07-03,206-519-6808
9,Peggy,Castellani,7742 Arizona Crossing,pcastellani8@boston.com,6687379,20,24-02-16,168-636-6821
10,Porter,Newman,1 Johnson Drive,pnewman9@alibaba.com,7360443,97,24-02-18,958-556-2729
11,Glory,McIlwrick,5089 American Hill,gmcilwricka@washingtonpost.com,3012655,18,23-08-21,257-697-3333
12,Marlin,Tumpane,953 Center Trail,mtumpaneb@umich.edu,4609554,39,23-06-09,816-557-6240
13,Deerdre,Fynan,546 Esch Center,dfynanc@simplemachines.org,1857907,56,23-12-05,798-419-4818
14,Mari,Storck,3996 Sage Trail,mstorckd@uiuc.edu,7571114,75,23-05-25,674-604-3314
15,Mira,Eouzan,48 Maple Wood Drive,meouzane@over-blog.com,4953092,27,23-09-23,805-826-5005
